NBHD,LIVEAREA,FINBSMNT,BASEMENT,YRBUILT,CONDITION,QUALITY,STORIES,NUMBDRM,NUMBATHS,GARTYPE,ARCSTYLE,SPRICE,NETPRICE
674,1329,0,0,1956,Good,C,1,3,2,Att,ONE-STORY,248950,245450
674,2750,0,2080,2006,AVG,B,2,4,4,Att,TWO-STORY,640000,640000
674,907,0,0,1952,AVG,C,1,3,2,Det,ONE-STORY,205500,202000
674,2058,0,0,2012,AVG,B,2,3,3,Att,TWO-STORY,185500,185500
674,2058,0,0,2012,AVG,B,2,3,3,Att,TWO-STORY,185500,185500
674,954,0,0,1952,AVG,C,1,2,1,Det,ONE-STORY,211000,211000
674,1180,0,366,1953,AVG,C,1,3,2,Det,ONE-STORY,218000,216000
674,926,0,0,1953,AVG,C,1,2,1,Det,ONE-STORY,145000,145000
674,1026,0,0,1953,AVG,C,1,3,2,None,ONE-STORY,165000,165000
674,2336,0,0,1953,AVG,C,2,4,3,Att/Det,TWO-STORY,317500,317500
674,930,0,0,1953,AVG,C,1,3,1,Det,ONE-STORY,219900,214700
674,1212,0,0,1953,AVG,C,1,3,1,Att,ONE-STORY,193600,193600
674,763,0,0,1953,AVG,C,1,2,1,None,ONE-STORY,158000,158000
674,1687,0,0,1953,Good,C,1,3,1,None,ONE-STORY,300000,292949
674,930,0,0,1952,AVG,C,1,3,1,Att,ONE-STORY,198000,195700
674,930,0,0,1952,AVG,C,1,3,1,Att,ONE-STORY,117000,117000
674,1400,0,0,1955,AVG,C,1,3,1,Det,TRI-LEVEL,214000,214000
674,798,0,0,1953,AVG,C,1,2,1,Det,ONE-STORY,125500,125500
674,1534,0,0,1952,AVG,C,1,2,1,Att,ONE-STORY,213000,208000
674,1228,0,0,1952,AVG,C,1,3,1,Det,ONE-STORY,242000,237113
674,1227,0,0,1952,AVG,C,1,3,1,None,ONE-STORY,194500,189500
674,1333,0,0,1952,AVG,C,1,3,1,Att,ONE-STORY,222000,222000
674,859,0,0,1952,AVG,C,1,2,1,Att,ONE-STORY,210000,205575
674,859,0,0,1952,AVG,C,1,2,1,Att,ONE-STORY,125000,125000
674,1431,0,0,1952,AVG,C,1,2,1,Att,ONE-STORY,180000,180000
674,1225,0,0,1952,AVG,C,1,2,1,Att,ONE-STORY,117000,117000
674,1193,0,228,1952,AVG,C,1,2,1,Att,ONE-STORY,135911,132761
674,956,0,0,1952,AVG,C,1,3,1,Att,ONE-STORY,185000,180500
674,1092,0,0,1952,AVG,C,1,3,2,Att,ONE-STORY,209000,203526
674,1867,0,0,1952,AVG,C,1,3,2,None,ONE-STORY,234170,227145
674,2939,1882,1998,2007,AVG,B,2,3,4,Att,TWO-STORY,720000,720000
674,1082,0,0,1953,AVG,C,1,3,1,Att,ONE-STORY,189000,189000
674,1041,0,0,1953,AVG,C,1,2,1,None,ONE-STORY,212450,210950
674,856,0,0,1952,AVG,C,1,2,1,Att,ONE-STORY,187500,184375
674,897,0,0,1952,AVG,C,1,3,1,Att,ONE-STORY,215000,215000
674,1044,0,0,1952,AVG,C,1,3,1,Att,ONE-STORY,196000,196000
674,1227,0,0,1951,AVG,C,1,3,1,None,ONE-STORY,154400,154400
674,1529,0,0,1953,AVG,C,1,3,2,Att,ONE-STORY,235000,231000
674,950,0,0,1952,AVG,C,1,2,1,Att,ONE-STORY,211500,211500
674,950,0,0,1952,AVG,C,1,2,1,Att,ONE-STORY,131500,131500
674,1223,0,0,1953,Good,C,1,3,2,Att,ONE-STORY,231500,223500
674,1082,0,0,1953,AVG,C,1,3,1,Att,ONE-STORY,184000,180500
674,950,0,0,1953,AVG,C,1,2,1,Att,ONE-STORY,195000,194000
674,1391,0,0,1953,AVG,C,1,3,1,None,ONE-STORY,215000,211100
674,860,0,0,1953,AVG,C,1,2,1,Att,ONE-STORY,150500,150500
674,859,0,0,1953,AVG,C,1,2,1,Att,ONE-STORY,128000,128000
674,1001,0,0,1954,Good,C,1,2,1,Att,ONE-STORY,224500,221500
674,1082,0,0,1953,AVG,C,1,3,1,Att,ONE-STORY,185750,180931
674,986,0,0,1953,AVG,C,1,3,1,Att,ONE-STORY,195000,193600
674,1047,0,0,1953,AVG,C,1,3,1,Det,ONE-STORY,190000,190000
674,1047,0,0,1953,AVG,C,1,3,1,Det,ONE-STORY,147000,147000
674,1082,0,0,1953,Good,C,1,3,1,Att,ONE-STORY,225000,225000
674,1146,0,0,1953,AVG,C,1,2,1,Att,ONE-STORY,195000,191825
674,1144,0,0,1953,AVG,C,1,3,1,Att,ONE-STORY,192000,192000
674,1483,0,0,1953,AVG,C,1,3,2,Att,ONE-STORY,214500,208000
674,1287,0,0,1953,AVG,C,1,3,2,None,ONE-STORY,182000,180000
674,849,0,0,1953,AVG,C,1,2,1,Att,ONE-STORY,188000,183000
674,1290,0,0,1953,AVG,C,1,3,2,None,ONE-STORY,146000,146000
674,1466,0,0,1953,AVG,C,1,3,1,Att,ONE-STORY,234500,230500
674,1329,1060,1060,1953,AVG,C,1,3,2,Att,ONE-STORY,238750,235250
674,1058,0,1058,1953,AVG,C,1,3,2,Det,ONE-STORY,213000,209754
674,842,0,0,1953,AVG,C,1,2,1,Att,ONE-STORY,133950,133950
674,1550,1125,1251,1957,AVG,C,1,3,3,Att,ONE-STORY,285000,282000
674,1281,0,0,1953,AVG,C,1,3,2,Det,ONE-STORY,232000,232000
674,1251,1125,1251,1957,AVG,C,1,3,3,Att,ONE-STORY,295000,291000
674,1704,839,1251,1957,AVG,C,1,3,3,Att,ONE-STORY,315000,313650
676,1423,1135,1423,1956,AVG,C,1,3,3,Att,ONE-STORY,270500,270500
676,1320,698,776,1954,Good,C,1,4,2,Att,ONE-STORY,295000,295000
676,1326,704,782,1954,AVG,C,1,3,3,Att,ONE-STORY,265000,265000
676,1963,663,764,1955,Good,C,1,4,4,Att,ONE-STORY,315000,310000
676,1402,1034,1093,1954,Good,C,1,2,3,Det,ONE-STORY,268000,268000
676,1402,1034,1093,1954,Good,C,1,2,3,Det,ONE-STORY,165000,165000
676,1345,0,0,1954,AVG,C,1,3,2,None,ONE-STORY,118000,118000
706,1224,1040,1224,1963,AVG,C,1,3,3,Att,ONE-STORY,209000,205052
706,1261,1009,1261,1963,AVG,C,1,3,3,Att,ONE-STORY,264000,261500
706,2705,0,0,1965,AVG,C,1,4,2,Att,BI-LEVEL,203000,203000
706,1264,1011,1264,1963,AVG,C,1,3,3,Att,ONE-STORY,239000,236500
706,1233,767,1233,1963,AVG,C,1,3,2,Att,ONE-STORY,240000,234500
706,1193,900,1193,1963,Good,C,1,3,3,Att,ONE-STORY,304000,300000
706,1193,900,1193,1963,Good,C,1,3,3,Att,ONE-STORY,219500,219500
716,2201,400,556,1970,Good,B,1,4,3,Att,TRI-LEVEL WITH BASEMENT,369900,369900
716,2201,400,556,1970,Good,B,1,4,3,Att,TRI-LEVEL WITH BASEMENT,176000,176000
716,2756,905,1392,1968,AVG,B,2,4,3,Att,TWO-STORY,442500,437500
706,1469,956,1227,1963,AVG,C,1,3,3,Att,ONE-STORY,279000,272200
706,1532,1250,1316,1963,AVG,C,1,3,3,Att,ONE-STORY,320000,315000
706,1227,1027,1227,1963,AVG,C,1,3,3,Att,ONE-STORY,275000,271500
716,2264,354,708,1969,AVG,B,2,4,3,Att,TWO-STORY,305000,302000
716,1940,0,774,1970,AVG,B,2,4,3,Att,TWO-STORY,330000,325000
716,2703,677,713,1970,Good,B,2,4,4,Att,TWO-STORY,490000,486000
716,2925,742,742,1970,Good,B,2,3,3,Att,TWO-STORY,485000,485000
716,2201,473,556,1970,AVG,B,1,4,3,Att,TRI-LEVEL WITH BASEMENT,327500,322500
717,1918,680,759,1970,AVG,B,2,4,3,Att,TWO-STORY,294000,291969
717,1931,550,645,1969,Good,B,1,3,3,Att,TRI-LEVEL WITH BASEMENT,360000,360000
717,1931,0,645,1969,AVG,B,1,3,3,Att,TRI-LEVEL WITH BASEMENT,299000,292800
717,2201,0,556,1970,AVG,B,1,3,3,Att,TRI-LEVEL WITH BASEMENT,354000,354000
717,1816,700,756,1969,AVG,B,1,3,3,Att,TRI-LEVEL WITH BASEMENT,294000,288666
717,2111,629,629,1968,AVG,B,1,4,3,Att,TRI-LEVEL WITH BASEMENT,345000,345000
717,2111,629,629,1968,AVG,B,1,4,3,Att,TRI-LEVEL WITH BASEMENT,330000,330000
716,2906,0,348,1968,AVG,B,2,5,3,Att,TWO-STORY,236700,230891
716,2186,0,903,1968,AVG,B,1,4,3,Att,ONE-STORY,330000,325000
716,2844,0,739,1968,AVG,B,2,5,3,Att,TWO-STORY,417500,417000
716,2844,0,739,1968,AVG,B,2,5,3,Att,TWO-STORY,417500,417500
703,1240,620,1240,1969,AVG,C,1,3,3,Att,ONE-STORY,255000,248500
703,2709,0,0,1969,AVG,C,1,3,3,Att,BI-LEVEL,255000,251000
703,2792,0,0,1969,AVG,C,1,4,3,Att,BI-LEVEL,276500,276500
703,1379,1079,1079,1969,AVG,C,1,2,3,Att,ONE-STORY,235000,235000
703,1627,1380,1627,1969,Good,C,1,3,3,Att,ONE-STORY,358000,357255
703,1627,1380,1627,1969,Good,C,1,3,3,Att,ONE-STORY,226000,226000
703,1546,1090,1216,1970,Good,C,1,3,3,Att,ONE-STORY,305000,305000
703,1546,1090,1216,1970,Good,C,1,3,3,Att,ONE-STORY,230000,230000
703,1921,670,705,1970,AVG,C,1,3,4,Att,TRI-LEVEL WITH BASEMENT,312000,312000
703,2125,425,705,1970,AVG,C,1,4,3,Att,TRI-LEVEL WITH BASEMENT,235000,234100
703,2125,650,705,1970,Good,C,1,3,3,Att,TRI-LEVEL WITH BASEMENT,315000,315000
703,1609,1150,1278,1971,Good,C,1,3,3,Att,ONE-STORY,372000,367945
703,1614,966,1144,1971,Good,C,1,3,3,Att,ONE-STORY,352000,352000
703,1753,1294,1725,1970,AVG,C,1,3,3,Att,ONE-STORY,245500,242500
703,1913,0,0,1971,AVG,C,1,3,3,Att,BI-LEVEL,239900,239900
718,2224,874,971,1971,AVG,B,2,5,4,Att,TWO-STORY,285000,282000
718,2201,0,556,1971,AVG,B,1,4,3,Att,TRI-LEVEL WITH BASEMENT,243000,241551
718,2201,556,556,1971,AVG,B,1,4,3,Att,TRI-LEVEL WITH BASEMENT,278000,278000
718,2201,556,556,1971,AVG,B,1,4,3,Att,TRI-LEVEL WITH BASEMENT,268000,264000
718,1918,607,759,1972,AVG,B,2,4,3,Att,TWO-STORY,308000,305600
718,2201,556,556,1971,AVG,B,1,4,4,Att,TRI-LEVEL WITH BASEMENT,345000,340945
718,2201,556,556,1971,AVG,B,1,4,4,Att,TRI-LEVEL WITH BASEMENT,214900,214900
718,2201,0,556,1971,AVG,B,1,4,3,Att,TRI-LEVEL WITH BASEMENT,275000,270000
718,2764,423,853,1971,AVG,B,1,5,3,Att,TRI-LEVEL WITH BASEMENT,299000,299000
718,2201,556,556,1971,AVG,B,1,4,3,Att,TRI-LEVEL WITH BASEMENT,285000,282000
718,2201,222,556,1971,AVG,B,1,4,3,Att,TRI-LEVEL WITH BASEMENT,275000,275000
718,1778,575,607,1970,Good,B,1,3,3,Att,TRI-LEVEL WITH BASEMENT,385000,385000
718,2201,0,556,1970,AVG,B,1,4,3,Att,TRI-LEVEL WITH BASEMENT,280000,276500
718,1912,588,747,1971,AVG,B,2,4,3,Att,TWO-STORY,257500,252500
707,1442,590,702,1972,AVG,C,2,3,3,None,MIDDLE UNIT,128000,128000
707,1068,534,534,1972,AVG,C,2,2,2,None,MIDDLE UNIT,97000,93709
707,1449,594,706,1972,AVG,C,2,3,3,None,END UNIT,110000,110000
707,1449,594,706,1972,AVG,C,2,3,3,None,END UNIT,85000,85000
707,1442,590,702,1972,AVG,C,2,3,3,None,MIDDLE UNIT,140000,140000
707,1068,390,534,1973,AVG,C,2,2,2,None,MIDDLE UNIT,110500,110500
707,1449,594,706,1973,AVG,C,2,3,3,None,END UNIT,120000,118800
707,1068,437,534,1973,AVG,C,2,2,2,None,MIDDLE UNIT,97000,97000
707,1068,437,534,1973,AVG,C,2,2,2,None,MIDDLE UNIT,60001,60001
707,959,0,0,1972,AVG,C,1,2,1,None,END UNIT,34900,34900
707,763,0,0,1972,AVG,C,1,1,1,None,MIDDLE UNIT,39000,39000
707,967,0,0,1972,AVG,C,1,2,1,None,END UNIT,52500,52500
707,769,0,0,1972,AVG,C,1,1,1,None,MIDDLE UNIT,31000,31000
707,763,0,0,1972,AVG,C,1,1,1,None,MIDDLE UNIT,45000,45000
707,763,0,0,1972,AVG,C,1,1,1,None,MIDDLE UNIT,30000,30000
707,763,0,0,1972,AVG,C,1,1,1,None,MIDDLE UNIT,33157,33157
707,959,0,0,1972,AVG,C,1,2,1,None,END UNIT,47000,47000
707,769,0,0,1972,AVG,C,1,1,1,None,MIDDLE UNIT,42000,42000
707,959,0,0,1972,AVG,C,1,2,1,None,END UNIT,45000,45000
707,763,0,0,1972,AVG,C,1,1,1,None,MIDDLE UNIT,35000,35000
707,952,0,0,1972,AVG,C,1,2,2,None,END UNIT,52000,50180
707,960,0,0,1972,AVG,C,1,2,2,None,END UNIT,65000,65000
707,960,0,0,1972,AVG,C,1,2,2,None,END UNIT,48000,48000
707,975,0,0,1972,AVG,C,1,2,2,None,MIDDLE UNIT,50000,50000
707,952,0,0,1973,AVG,C,1,2,2,None,END UNIT,69000,69000
707,952,0,0,1971,AVG,C,1,2,2,None,END UNIT,52000,51000
707,967,0,0,1971,AVG,C,1,2,2,None,MIDDLE UNIT,40000,40000
707,952,0,0,1971,AVG,C,1,2,2,None,END UNIT,63000,61740
707,952,0,0,1971,AVG,C,1,2,2,None,END UNIT,48550,45637
707,952,0,0,1971,AVG,C,1,2,2,None,END UNIT,55000,53500
707,952,0,0,1971,AVG,C,1,2,2,None,END UNIT,49500,46800
707,952,0,0,1971,AVG,C,1,2,2,None,END UNIT,48500,46000
707,967,0,0,1971,AVG,C,1,2,2,None,MIDDLE UNIT,50000,50000
707,967,0,0,1971,AVG,C,1,2,2,None,MIDDLE UNIT,54000,51500
707,952,0,0,1971,AVG,C,1,2,1,None,END UNIT,32000,32000
707,952,0,0,1971,AVG,C,1,2,1,None,END UNIT,67000,67000
707,952,0,0,1971,AVG,C,1,2,1,None,END UNIT,41500,41500
707,952,0,0,1971,AVG,C,1,2,1,None,END UNIT,65000,65000
707,769,0,0,1971,AVG,C,1,1,1,None,MIDDLE UNIT,54000,54000
707,763,0,0,1971,AVG,C,1,1,1,None,MIDDLE UNIT,29000,29000
707,763,0,0,1971,AVG,C,1,1,1,None,MIDDLE UNIT,34000,34000
707,952,0,0,1970,AVG,C,1,2,1,None,END UNIT,37500,37500
707,763,0,0,1970,AVG,C,1,1,1,None,MIDDLE UNIT,26000,26000
707,952,0,0,1971,AVG,C,1,2,1,None,END UNIT,45000,45000
707,952,0,0,1971,AVG,C,1,2,1,None,END UNIT,42001,42001
707,763,0,0,1971,AVG,C,1,1,1,None,MIDDLE UNIT,39900,39900
707,952,0,0,1970,AVG,C,1,2,1,None,END UNIT,42000,42000
707,1446,590,702,1971,AVG,C,2,3,3,None,MIDDLE UNIT,84900,84900
707,1446,590,702,1971,AVG,C,2,3,3,None,MIDDLE UNIT,91000,91000
707,1060,390,530,1971,AVG,C,2,2,2,None,MIDDLE UNIT,92000,88780
707,1446,350,702,1971,AVG,C,2,3,3,None,MIDDLE UNIT,95000,95000
707,1060,390,530,1970,Good,C,2,2,2,None,MIDDLE UNIT,129000,125130
707,1060,390,530,1971,AVG,C,2,2,2,None,MIDDLE UNIT,86000,86000
707,3031,0,0,1968,Good,B,1,4,4,Att,TRI-LEVEL,529000,529000
707,2871,0,634,1967,AVG,B,2,4,4,Att,TWO-STORY,500000,499000
707,2174,1013,1208,1966,AVG,B,2,4,3,Att,TWO-STORY,405500,401803
707,1852,380,1002,1967,AVG,B,1,3,2,Att,ONE-STORY,320000,313354
707,2484,0,1108,1967,AVG,B,2,4,3,Att,TWO-STORY,395000,390000
707,2125,775,865,1966,AVG,B,2,4,4,Att,TWO-STORY,430000,425000
707,2373,804,858,1967,Good,B,2,4,4,Att,TWO-STORY,538000,538000
707,2721,1052,1107,1969,AVG,B,2,4,3,Att,TWO-STORY,512500,506900
707,1303,0,0,1971,AVG,B,1,2,2,None,MIDDLE UNIT,140000,140000
707,1303,0,0,1971,AVG,B,1,2,2,None,END UNIT,118000,118000
707,1303,0,0,1971,AVG,B,1,2,2,None,MIDDLE UNIT,119900,118100
707,2771,1211,1514,1973,AVG,B,2,3,4,Att,TWO-STORY,429900,429900
707,2436,1014,1064,1972,AVG,B,2,4,4,Att,TWO-STORY,467000,467000
707,2755,400,445,1969,AVG,B,2,4,3,Att,TWO-STORY,455000,454500
707,2932,788,876,1969,AVG,B,2,5,4,Att,TWO-STORY,482000,479500
707,2738,562,713,1971,AVG,B,2,5,3,Att,TWO-STORY,526000,526000
707,3149,1040,1390,1970,AVG,B,2,5,4,Att,TWO-STORY,525000,519822
707,2598,882,928,1974,AVG,B,2,4,4,Att,TWO-STORY,375000,375000
707,2228,0,989,1968,AVG,B,1,4,3,Att,ONE-STORY,370000,365000
708,1297,0,0,1968,AVG,C,1,3,2,None,END UNIT,110000,110000
708,1173,0,0,1968,AVG,C,1,2,2,None,MIDDLE UNIT,79000,79000
708,1360,0,0,1968,AVG,C,2,2,3,None,MIDDLE UNIT,110000,106500
708,1360,0,0,1968,AVG,C,2,2,3,None,MIDDLE UNIT,97700,97700
708,1360,0,0,1968,AVG,C,2,2,3,None,END UNIT,110000,106000
708,1677,0,0,1968,AVG,C,2,3,3,None,END UNIT,95000,95000
708,1316,0,0,1968,AVG,C,2,2,3,None,END UNIT,112500,109500
708,1316,0,0,1968,AVG,C,2,2,3,None,MIDDLE UNIT,80010,80010
708,1326,0,0,1968,AVG,C,1,3,2,None,MIDDLE UNIT,78751,78751
708,1173,0,0,1968,AVG,C,1,2,2,None,END UNIT,93900,93900
709,1562,0,330,1969,AVG,C,2,2,3,None,MIDDLE UNIT,132000,132000
709,1595,440,881,1965,AVG,C,2,3,3,Att,END UNIT,155000,151000
709,1595,440,881,1965,AVG,C,2,2,3,Att,END UNIT,240000,239000
709,1499,0,776,1966,AVG,B,1,2,3,None,END UNIT,155150,150500
709,1845,0,0,1966,AVG,C,1,2,2,None,MIDDLE UNIT,141000,141000
709,1845,0,0,1966,AVG,C,1,2,2,None,END UNIT,132000,132000
709,2421,0,1073,1964,AVG,C,1,2,2,Att,END UNIT,380000,380000
709,2482,1056,1229,1965,AVG,B,1,4,4,Att,ONE-STORY,330000,330000
709,1502,1425,1502,1963,AVG,B,1,3,3,Att,ONE-STORY,235500,235500
709,2548,1050,1130,1971,AVG,C,2,3,3,Att,TWO-STORY,245000,245000
709,2548,1017,1130,1971,AVG,C,2,3,3,Att,TWO-STORY,280000,280000
709,1880,0,1094,2002,AVG,C,2,4,3,Att,TWO-STORY,205550,205550
709,2072,1020,1132,2004,AVG,C,2,3,4,Att,TWO-STORY,325000,325000
709,2072,1020,1132,2004,AVG,C,2,3,4,Att,TWO-STORY,202000,202000
709,2362,0,0,2004,AVG,C,2,4,3,Att,TWO-STORY,299900,299900
709,2362,0,0,2004,AVG,C,2,4,3,Att,TWO-STORY,225000,225000
707,1584,0,0,1969,AVG,C,1,3,2,None,MIDDLE UNIT,115000,115000
707,1856,0,0,1969,AVG,C,2,3,3,None,MIDDLE UNIT,170000,170000
707,1024,0,0,1969,AVG,C,1,2,2,None,MIDDLE UNIT,85000,83500
707,1024,0,0,1969,AVG,C,1,2,2,None,MIDDLE UNIT,72000,72000
707,1224,0,0,1969,AVG,C,1,2,2,None,END UNIT,52100,52100
707,1584,0,0,1969,AVG,C,1,3,2,None,END UNIT,142000,142000
707,1024,0,0,1969,AVG,C,1,2,2,None,END UNIT,59900,59900
707,1024,0,0,1969,AVG,C,1,2,2,None,END UNIT,82000,82000
707,1024,0,0,1969,AVG,C,1,2,2,None,MIDDLE UNIT,101500,101500
707,1024,0,0,1969,AVG,C,1,2,2,None,MIDDLE UNIT,70500,70500
707,1024,0,0,1969,AVG,C,1,2,2,None,MIDDLE UNIT,65000,65000
707,1444,0,0,1969,AVG,C,1,3,2,None,END UNIT,70000,70000
707,1444,0,0,1969,AVG,C,1,3,2,None,END UNIT,140000,139500
707,1024,0,0,1969,AVG,C,1,2,2,None,MIDDLE UNIT,74500,74500
707,1224,0,0,1969,AVG,C,1,2,2,None,END UNIT,115000,115000
707,1024,0,0,1969,AVG,C,1,2,2,None,MIDDLE UNIT,75000,73500
707,1444,0,0,1969,AVG,C,1,3,2,None,END UNIT,155000,150000
707,3126,0,0,1973,AVG,B,1,5,4,None,END UNIT,500000,500000
707,2834,965,1261,1973,AVG,B,2,4,4,Att,TWO-STORY,400000,400000
707,1958,0,796,1973,AVG,B,2,4,3,Att,TWO-STORY,375000,374000
707,2894,571,714,1973,AVG,B,1,4,3,Att,TRI-LEVEL WITH BASEMENT,440000,440000
707,2577,850,942,1973,Good,B,2,5,4,Att,TWO-STORY,550000,550000
707,2326,1105,1105,1972,AVG,B,1,4,4,Att,ONE-STORY,372500,372500
707,2414,693,867,1973,AVG,B,1,4,3,Att,TRI-LEVEL WITH BASEMENT,336000,336000
707,2557,780,1131,1972,AVG,B,1,4,4,Att,ONE-STORY,462500,462500
707,2859,0,1261,1976,AVG,B,2,4,3,Att,TWO-STORY,417500,417500
707,1539,0,0,1974,AVG,B,1,2,2,None,END UNIT,143000,141000
707,3074,938,1038,1974,AVG,B,2,2,3,None,END UNIT,385000,385000
707,2719,420,1004,1974,AVG,B,2,4,3,Att,TWO-STORY,470000,470000
707,2719,420,1004,1974,AVG,B,2,4,3,Att,TWO-STORY,330000,330000
707,2112,719,799,1974,AVG,B,2,4,4,Att,TWO-STORY,302000,302000
707,3367,1875,1975,1976,AVG,B,2,4,4,Att,TWO-STORY,575000,565000
707,1981,292,975,1974,AVG,B,1,3,3,Att,ONE-STORY,326000,326000
707,2744,747,867,1974,AVG,B,1,3,4,Att,TRI-LEVEL WITH BASEMENT,285000,275025
707,2369,0,1689,1975,AVG,B,1,3,2,Att,ONE-STORY,408000,408000
707,2538,0,2223,1974,AVG,B,1,4,3,Att,ONE-STORY,362500,362500
707,2010,935,984,1975,AVG,B,1,3,3,Att,ONE-STORY,237000,237000
707,1998,972,972,1976,AVG,B,1,3,3,Att,ONE-STORY,240000,240000
707,1660,425,625,1974,AVG,C,2,2,4,Att,MIDDLE UNIT,187500,187500
707,1593,0,0,1974,AVG,C,2,2,3,None,MIDDLE UNIT,111900,111900
707,1593,0,0,1974,AVG,C,2,2,3,None,MIDDLE UNIT,109000,109000
707,1593,0,0,1974,AVG,C,2,2,3,None,MIDDLE UNIT,167739,167739
707,2018,0,0,1974,AVG,C,2,3,3,Att,MIDDLE UNIT,114500,114500
707,1626,0,0,1974,AVG,C,1,2,2,None,MIDDLE UNIT,123000,123000
707,1626,0,0,1974,AVG,C,1,2,2,None,MIDDLE UNIT,127000,125000
707,1626,0,0,1974,AVG,C,1,2,2,None,MIDDLE UNIT,127000,127000
707,1626,0,0,1974,AVG,C,1,2,2,None,MIDDLE UNIT,100000,100000
707,2026,0,0,1974,AVG,C,2,3,2,Att,MIDDLE UNIT,130000,130000
707,1626,0,0,1974,AVG,C,1,2,2,None,MIDDLE UNIT,126000,126000
711,2289,1081,1201,1960,AVG,B,1,3,4,Att,ONE-STORY,521900,521900
711,1976,0,934,1959,AVG,B,1,3,3,Att,ONE-STORY,383000,383000
711,1745,700,800,1959,AVG,B,1,3,3,Att,ONE-STORY,380000,373309
711,2672,0,0,1957,Good,B,1,4,3,Att,ONE-STORY,354685,354685
711,2672,0,0,1957,Good,B,1,4,3,Att,ONE-STORY,30000,30000
711,3176,250,313,1958,Good,B,1,4,3,Att,ONE-STORY,852000,852000
711,2093,1195,1386,1959,AVG,B,1,2,3,Att,ONE-STORY,395000,395000
711,2410,873,873,1960,AVG,B,1,3,4,Att,ONE-STORY,572000,572000
711,2476,0,0,1959,AVG,B,1,3,3,Att,ONE-STORY,540000,540000
711,3010,351,717,1961,AVG,B,1,3,4,Att,ONE-STORY,412500,411170
711,1923,916,964,1961,Good,B,1,2,3,Att,ONE-STORY,515000,515000
711,2618,884,1474,1962,AVG,B,1,3,3,Att,ONE-STORY,600000,599300
711,2255,774,1290,1958,AVG,B,1,3,3,Det,ONE-STORY,504000,504000
711,2250,874,1248,1958,AVG,B,1,3,3,Att,ONE-STORY,480000,475000
710,1283,0,1283,1957,AVG,C,1,3,2,Att,ONE-STORY,147000,147000
710,1450,1232,1358,1957,AVG,C,1,3,3,Att,ONE-STORY,207500,207500
710,1283,1219,1283,1957,AVG,C,1,3,3,Att,ONE-STORY,274000,265780
710,1280,896,1280,1957,AVG,C,1,3,3,Att,ONE-STORY,239000,233500
710,1280,896,1280,1957,AVG,C,1,3,3,Att,ONE-STORY,155573,155573
710,1438,850,1349,1957,Good,C,1,3,3,Att,ONE-STORY,340000,335000
710,1280,1150,1280,1957,Good,C,1,3,3,Att,ONE-STORY,339900,337900
710,1280,1150,1280,1957,Good,C,1,3,3,Att,ONE-STORY,117500,117500
710,1280,1080,1280,1957,Good,C,1,3,3,Att,ONE-STORY,359000,359000
710,1438,1282,1349,1957,AVG,C,1,3,3,Att,ONE-STORY,284000,278900
710,1280,1152,1280,1957,Good,C,1,3,3,Att,ONE-STORY,329000,329000
710,1847,1147,1349,1957,AVG,C,1,3,2,Att,ONE-STORY,170000,170000
710,1379,1026,1283,1957,AVG,C,1,3,3,Att,ONE-STORY,269000,260930
710,1960,1026,1282,1956,AVG,C,1,4,4,Att,ONE-STORY,260000,260000
710,1450,1290,1358,1957,Good,C,1,3,3,Att,ONE-STORY,346000,346000
710,1450,1220,1358,1957,Good,C,1,3,3,Att,ONE-STORY,370000,370000
710,1283,1103,1283,1956,Good,C,1,3,3,Att,ONE-STORY,335000,332140
710,1283,1026,1283,1956,AVG,C,1,3,2,Att,ONE-STORY,265000,265000
710,1283,1220,1283,1956,AVG,C,1,3,3,Att,ONE-STORY,275000,274900
710,1283,650,1283,1956,AVG,C,1,3,3,Att,ONE-STORY,219000,219000
710,1283,1170,1283,1956,AVG,C,1,3,3,Att,ONE-STORY,218000,212080
710,1553,1214,1349,1956,Good,C,1,3,3,Att,ONE-STORY,362000,357000
710,1553,1214,1349,1956,Good,C,1,3,3,Att,ONE-STORY,180000,180000
710,1930,945,1349,1956,AVG,C,1,3,3,Att,ONE-STORY,245000,245000
710,1439,1214,1349,1956,AVG,C,1,3,3,Att,ONE-STORY,279000,275000
713,2330,1045,1161,1983,AVG,C,2,3,4,Att,END UNIT,227500,223880
713,1828,1300,1300,1976,AVG,B,2,2,3,Att,END UNIT,435000,435000
713,2512,0,1328,1976,AVG,B,2,3,3,Att,MIDDLE UNIT,300000,300000
713,2512,531,1328,1976,AVG,B,2,3,3,Att,MIDDLE UNIT,254900,254900
713,2291,1144,2291,1976,Good,B,1,2,3,Att,END UNIT,525000,525000
713,2291,2062,2291,1976,AVG,B,1,2,3,Att,END UNIT,526824,526824
713,2512,1062,1328,1978,AVG,B,2,2,4,Att,MIDDLE UNIT,350000,350000
713,1665,0,993,1972,AVG,B,1,4,2,Att,TRI-LEVEL WITH BASEMENT,215000,208900
713,2383,687,981,1969,AVG,B,2,4,4,Att,TWO-STORY,265000,257050
713,2821,643,999,1969,AVG,B,2,4,4,Att,TWO-STORY,290000,286040
713,2388,0,970,1969,AVG,B,2,4,3,Att,TWO-STORY,267245,267245
713,1828,1235,1300,1975,AVG,B,2,2,3,Att,END UNIT,350000,347000
713,2740,0,1396,1975,AVG,B,2,3,3,Att,END UNIT,319500,319500
713,2291,2176,2291,1976,Good,B,1,2,3,Att,END UNIT,675000,675000
713,2740,1020,1396,1976,Good,B,2,3,4,Att,END UNIT,655000,655000
713,1828,1040,1300,1976,AVG,B,2,2,3,Att,END UNIT,300000,300000
713,1828,1300,1300,1978,Good,B,2,2,3,Att,END UNIT,430000,428800
713,2512,0,1328,1978,AVG,B,2,2,3,Att,END UNIT,357250,357250
713,2512,1102,1328,1978,Good,B,2,2,4,Att,MIDDLE UNIT,540000,540000
713,2512,1102,1328,1978,Good,B,2,2,4,Att,MIDDLE UNIT,315000,315000
713,1828,1235,1300,1978,Good,B,2,2,3,Att,END UNIT,480000,480000
713,2393,677,1011,1980,AVG,B,2,2,3,Att,MIDDLE UNIT,212000,212000
713,1775,0,642,1980,AVG,B,2,2,2,Att,END UNIT,250000,250000
713,2064,375,913,1978,AVG,B,1,2,3,Att,END UNIT,303000,295200
713,2067,414,1367,1978,AVG,B,2,2,2,Att,END UNIT,255000,255000
713,2166,1417,1771,1978,AVG,B,1,2,2,Att,END UNIT,290000,289000
713,1521,0,491,1980,AVG,B,2,2,3,Att,END UNIT,225000,225000
713,1481,406,428,1980,AVG,B,2,2,3,Att,MIDDLE UNIT,289000,289000
713,1481,0,428,1980,AVG,B,2,2,3,Att,MIDDLE UNIT,208000,205000
713,1521,466,491,1980,AVG,B,2,2,4,Att,MIDDLE UNIT,265000,265000
713,2597,1356,1428,1981,AVG,B,2,2,3,Att,MIDDLE UNIT,350000,350000
713,2166,0,1771,1981,AVG,B,1,2,2,Att,END UNIT,355000,355000
713,1617,883,929,1983,AVG,B,1,2,3,Att,END UNIT,300000,294650
713,2306,675,1225,1984,AVG,B,2,2,4,Att,END UNIT,350000,350000
713,1851,872,872,1984,AVG,B,1,2,3,Att,END UNIT,390000,388000
713,1851,0,872,1984,AVG,B,1,2,2,Att,END UNIT,320000,320000
713,1903,0,0,1982,AVG,C,1,2,2,None,END UNIT,199000,193525
713,1788,0,0,1982,AVG,C,1,2,2,None,END UNIT,210000,210000
713,1824,0,0,1982,AVG,C,1,2,2,None,END UNIT,227000,225000
713,1788,0,0,1982,AVG,C,1,2,2,None,END UNIT,217000,217000
713,1824,0,0,1982,AVG,C,1,2,2,None,END UNIT,287500,284500
713,1864,0,1245,1986,AVG,B,2,2,3,Att,END UNIT,350000,350000
713,1864,1145,1245,1986,Good,B,2,2,4,Att,END UNIT,510000,510000
713,1931,970,970,1986,AVG,B,2,2,4,Att,MIDDLE UNIT,350000,350000
713,2509,1511,1679,1986,AVG,B,2,3,4,Att,END UNIT,445900,445900
713,2509,1511,1679,1986,AVG,B,2,3,4,Att,END UNIT,405000,405000
713,1020,801,1002,1987,Good,B,1,1,3,Att,END UNIT,329900,329900
713,1509,584,737,1986,AVG,B,2,2,3,Att,MIDDLE UNIT,270000,270000
713,1509,663,737,1988,AVG,B,2,2,3,Att,END UNIT,275000,275000
713,1020,952,1002,1987,AVG,B,1,1,3,Att,END UNIT,225000,225000
713,1682,756,796,1990,AVG,B,2,2,4,Att,END UNIT,320000,320000
713,1682,756,796,1990,AVG,B,2,2,4,Att,END UNIT,190000,190000
720,904,0,0,1978,AVG,C,1,2,2,None,END UNIT,61000,61000
720,692,0,0,1978,AVG,C,1,1,1,None,MIDDLE UNIT,45100,45100
720,904,0,0,1978,AVG,C,1,2,2,None,MIDDLE UNIT,60350,60350
720,904,0,0,1978,AVG,C,1,2,2,None,MIDDLE UNIT,65000,63050
720,904,0,0,1978,AVG,C,1,2,2,None,MIDDLE UNIT,55000,55000
720,904,0,0,1978,AVG,C,1,2,2,None,END UNIT,57300,57300
720,904,0,0,1978,AVG,C,1,2,2,None,MIDDLE UNIT,50000,50000
720,904,0,0,1978,AVG,C,1,2,2,None,END UNIT,60100,60100
720,692,0,0,1978,AVG,C,1,1,1,None,END UNIT,36777,36777
720,904,0,0,1978,AVG,C,1,2,2,None,MIDDLE UNIT,119746,119746
720,904,0,0,1978,AVG,C,1,2,2,None,MIDDLE UNIT,70000,70000
720,904,0,0,1978,AVG,C,1,2,2,None,MIDDLE UNIT,55000,55000
720,904,0,0,1978,AVG,C,1,2,2,None,MIDDLE UNIT,72000,72000
720,692,0,0,1978,AVG,C,1,1,1,None,END UNIT,37000,37000
720,692,0,0,1978,AVG,C,1,1,1,None,MIDDLE UNIT,40000,40000
720,692,0,0,1978,AVG,C,1,1,1,None,MIDDLE UNIT,40000,40000
720,692,0,0,1978,AVG,C,1,1,1,None,END UNIT,51500,51500
720,692,0,0,1978,AVG,C,1,1,1,None,END UNIT,45000,45000
720,692,0,0,1978,AVG,C,1,1,1,None,MIDDLE UNIT,42000,42000
720,692,0,0,1978,AVG,C,1,1,1,None,MIDDLE UNIT,30000,30000
720,692,0,0,1978,AVG,C,1,1,1,None,MIDDLE UNIT,49000,49000
720,904,0,0,1978,AVG,C,1,2,2,None,END UNIT,59850,59850
720,1052,0,0,1984,AVG,C,1,1,1,None,MIDDLE UNIT,83019,83019
720,1403,0,0,1984,AVG,C,1,2,2,None,END UNIT,118750,118750
720,1186,0,0,1984,AVG,C,1,2,2,None,MIDDLE UNIT,102500,102500
720,1186,0,0,1984,AVG,C,1,2,2,None,MIDDLE UNIT,100000,95500
720,1052,0,0,1984,AVG,C,1,1,1,None,MIDDLE UNIT,96000,96000
720,1403,0,0,1984,AVG,C,1,2,2,None,END UNIT,125000,125000